Tanggal,Jam,Tidak_Hujan,Hujan_Ringan,Hujan_Sedang,Hujan_Lebat,Hujan_Sangat_Lebat
20250525,10,1,0,0,0,0
20250525,13,0,0,1,0,0
20250525,16,0,1,0,0,0
20250525,19,0,1,0,0,0
20250525,22,0,1,0,0,0
20250525,10,1,0,0,0,0
20250525,13,0,0,1,0,0
20250525,16,0,1,0,0,0
20250525,19,0,1,0,0,0
20250525,22,0,1,0,0,0
20250526,10,1,0,0,0,0
20250526,13,0,0,1,0,0
20250526,16,0,0,1,0,0
20250526,19,0,1,0,0,0
20250526,22,1,0,0,0,0
20250527,10,1,0,0,0,0
20250527,13,0,0,1,0,0
20250527,16,0,0,1,0,0
20250527,19,0,1,0,0,0
20250527,22,1,0,0,0,0
20250528,10,1,0,0,0,0
20250528,13,1,0,0,0,0
20250528,16,0,0,1,0,0
20250528,19,0,1,0,0,0
20250528,22,1,0,0,0,0
20250529,10,1,0,0,0,0
20250529,13,1,0,0,0,0
20250529,16,0,0,1,0,0
20250529,19,0,1,0,0,0
20250529,22,1,0,0,0,0
20250530,10,1,0,0,0,0
20250530,13,1,0,0,0,0
20250530,16,0,1,0,0,0
20250530,19,0,1,0,0,0
20250530,22,1,0,0,0,0
20250531,10,1,0,0,0,0
20250531,13,1,0,0,0,0
20250531,16,0,0,1,0,0
20250531,19,0,1,0,0,0
20250531,22,1,0,0,0,0
20250601,10,1,0,0,0,0
20250601,13,1,0,0,0,0
20250601,16,1,0,0,0,0
20250601,19,0,1,0,0,0
20250601,22,1,0,0,0,0
20250602,10,1,0,0,0,0
20250602,13,0,1,0,0,0
20250602,16,0,0,1,0,0
20250602,19,0,1,0,0,0
20250602,22,1,0,0,0,0
20250603,10,1,0,0,0,0
20250603,13,1,0,0,0,0
20250603,16,1,0,0,0,0
20250603,19,1,0,0,0,0
20250603,22,1,0,0,0,0
20250604,10,1,0,0,0,0
20250604,13,0,1,0,0,0
20250604,16,0,0,1,0,0
20250604,19,1,0,0,0,0
20250604,22,1,0,0,0,0
20250605,10,1,0,0,0,0
20250605,13,1,0,0,0,0
20250605,16,1,0,0,0,0
20250605,19,1,0,0,0,0
20250605,22,1,0,0,0,0
20250606,10,1,0,0,0,0
20250606,13,1,0,0,0,0
20250606,16,1,0,0,0,0
20250606,19,1,0,0,0,0
20250606,22,1,0,0,0,0
20250607,10,1,0,0,0,0
20250607,13,1,0,0,0,0
20250607,16,1,0,0,0,0
20250607,19,1,0,0,0,0
20250607,22,1,0,0,0,0
20250608,10,1,0,0,0,0
20250608,13,1,0,0,0,0
20250608,16,1,0,0,0,0
20250608,19,1,0,0,0,0
20250608,22,1,0,0,0,0
20250609,10,1,0,0,0,0
20250609,13,1,0,0,0,0
20250609,16,1,0,0,0,0
20250609,19,1,0,0,0,0
20250609,22,1,0,0,0,0
20250610,10,1,0,0,0,0
20250610,13,1,0,0,0,0
20250610,16,1,0,0,0,0
20250610,19,1,0,0,0,0
20250610,22,1,0,0,0,0
20250611,10,1,0,0,0,0
20250611,13,1,0,0,0,0
20250611,16,1,0,0,0,0
20250611,19,1,0,0,0,0
20250611,22,1,0,0,0,0
20250612,10,1,0,0,0,0
20250612,13,1,0,0,0,0
20250612,16,1,0,0,0,0
20250612,19,1,0,0,0,0
20250612,22,1,0,0,0,0
20250613,10,1,0,0,0,0
20250613,13,1,0,0,0,0
20250613,16,1,0,0,0,0
20250613,19,1,0,0,0,0
20250613,22,1,0,0,0,0
20250614,10,1,0,0,0,0
20250614,13,1,0,0,0,0
20250614,16,0,1,0,0,0
20250614,19,1,0,0,0,0
20250614,22,1,0,0,0,0
20250615,10,1,0,0,0,0
20250615,13,1,0,0,0,0
20250615,16,0,1,0,0,0
20250615,19,1,0,0,0,0
20250615,22,1,0,0,0,0
20250616,10,0,1,0,0,0
20250616,13,0,1,0,0,0
20250616,16,0,0,0,1,0
20250616,19,0,1,0,0,0
20250616,22,0,1,0,0,0
20250617,10,1,0,0,0,0
20250617,13,0,1,0,0,0
20250617,16,0,0,1,0,0
20250617,19,0,0,1,0,0
20250617,22,0,1,0,0,0
20250618,10,1,0,0,0,0
20250618,13,0,1,0,0,0
20250618,16,0,0,1,0,0
20250618,19,1,0,0,0,0
20250618,22,1,0,0,0,0
20250619,10,1,0,0,0,0
20250619,13,1,0,0,0,0
20250619,16,0,1,0,0,0
20250619,19,1,0,0,0,0
20250619,22,1,0,0,0,0
20250620,10,1,0,0,0,0
20250620,13,1,0,0,0,0
20250620,16,0,0,1,0,0
20250620,19,1,0,0,0,0
20250620,22,1,0,0,0,0
20250621,10,1,0,0,0,0
20250621,13,0,1,0,0,0
20250621,16,0,1,0,0,0
20250621,19,1,0,0,0,0
20250621,22,1,0,0,0,0
20250622,10,1,0,0,0,0
20250622,13,0,1,0,0,0
20250622,16,0,1,0,0,0
20250622,19,1,0,0,0,0
20250622,22,1,0,0,0,0
20250623,10,1,0,0,0,0
20250623,13,1,0,0,0,0
20250623,16,1,0,0,0,0
20250623,19,1,0,0,0,0
20250623,22,1,0,0,0,0
20250624,10,1,0,0,0,0
20250624,13,1,0,0,0,0
20250624,16,1,0,0,0,0
20250624,19,1,0,0,0,0
20250624,22,1,0,0,0,0
20250625,10,1,0,0,0,0
20250625,13,1,0,0,0,0
20250625,16,1,0,0,0,0
20250625,19,1,0,0,0,0
20250625,22,1,0,0,0,0
20250626,10,1,0,0,0,0
20250626,13,1,0,0,0,0
20250626,16,1,0,0,0,0
20250626,19,1,0,0,0,0
20250626,22,1,0,0,0,0
20250627,10,1,0,0,0,0
20250627,13,1,0,0,0,0
20250627,16,1,0,0,0,0
20250627,19,1,0,0,0,0
20250627,22,1,0,0,0,0
20250628,10,1,0,0,0,0
20250628,13,0,1,0,0,0
20250628,16,0,1,0,0,0
20250628,19,1,0,0,0,0
20250628,22,1,0,0,0,0
20250629,10,1,0,0,0,0
20250629,13,1,0,0,0,0
20250629,16,1,0,0,0,0
20250629,19,1,0,0,0,0
20250629,22,1,0,0,0,0
20250630,10,1,0,0,0,0
20250630,13,1,0,0,0,0
20250630,16,0,1,0,0,0
20250630,19,1,0,0,0,0
20250630,22,1,0,0,0,0
20250701,10,1,0,0,0,0
20250701,13,1,0,0,0,0
20250701,16,0,1,0,0,0
20250701,19,1,0,0,0,0
20250701,22,1,0,0,0,0
20250702,10,1,0,0,0,0
20250702,13,1,0,0,0,0
20250702,16,0,1,0,0,0
20250702,19,1,0,0,0,0
20250702,22,1,0,0,0,0
20250703,10,1,0,0,0,0
20250703,13,1,0,0,0,0
20250703,16,1,0,0,0,0
20250703,19,1,0,0,0,0
20250703,22,1,0,0,0,0
20250704,10,1,0,0,0,0
20250704,13,1,0,0,0,0
20250704,16,1,0,0,0,0
20250704,19,1,0,0,0,0
20250704,22,1,0,0,0,0
20250705,10,1,0,0,0,0
20250705,13,1,0,0,0,0
20250705,16,1,0,0,0,0
20250705,19,1,0,0,0,0
20250705,22,1,0,0,0,0
20250706,10,1,0,0,0,0
20250706,13,1,0,0,0,0
20250706,16,1,0,0,0,0
20250706,19,1,0,0,0,0
20250706,22,1,0,0,0,0
20250707,10,1,0,0,0,0
20250707,13,1,0,0,0,0
20250707,16,1,0,0,0,0
20250707,19,1,0,0,0,0
20250707,22,1,0,0,0,0
20250708,10,1,0,0,0,0
20250708,13,1,0,0,0,0
20250708,16,1,0,0,0,0
20250708,19,1,0,0,0,0
20250708,22,1,0,0,0,0
20250709,10,1,0,0,0,0
20250709,13,1,0,0,0,0
20250709,16,1,0,0,0,0
20250709,19,1,0,0,0,0
20250709,22,1,0,0,0,0
20250710,10,1,0,0,0,0
20250710,13,1,0,0,0,0
20250710,16,1,0,0,0,0
20250710,19,1,0,0,0,0
20250710,22,1,0,0,0,0
20250711,10,1,0,0,0,0
20250711,13,1,0,0,0,0
20250711,16,1,0,0,0,0
20250711,19,1,0,0,0,0
20250711,22,1,0,0,0,0
20250712,10,1,0,0,0,0
20250712,13,1,0,0,0,0
20250712,16,1,0,0,0,0
20250712,19,1,0,0,0,0
20250712,22,1,0,0,0,0
20250713,10,1,0,0,0,0
20250713,13,1,0,0,0,0
20250713,16,1,0,0,0,0
20250713,19,1,0,0,0,0
20250713,22,1,0,0,0,0
20250714,10,1,0,0,0,0
20250714,13,1,0,0,0,0
20250714,16,1,0,0,0,0
20250714,19,1,0,0,0,0
20250714,22,1,0,0,0,0
20250715,10,1,0,0,0,0
20250715,13,1,0,0,0,0
20250715,16,1,0,0,0,0
20250715,19,1,0,0,0,0
20250715,22,1,0,0,0,0
20250716,10,1,0,0,0,0
20250716,13,1,0,0,0,0
20250716,16,1,0,0,0,0
20250716,19,1,0,0,0,0
20250716,22,1,0,0,0,0
20250717,10,1,0,0,0,0
20250717,13,1,0,0,0,0
20250717,16,1,0,0,0,0
20250717,19,1,0,0,0,0
20250717,22,1,0,0,0,0
20250718,10,1,0,0,0,0
20250718,13,1,0,0,0,0
20250718,16,1,0,0,0,0
20250718,19,1,0,0,0,0
20250718,22,1,0,0,0,0
20250719,10,1,0,0,0,0
20250719,13,1,0,0,0,0
20250719,16,1,0,0,0,0
20250719,19,1,0,0,0,0
20250719,22,1,0,0,0,0
20250720,10,1,0,0,0,0
20250720,13,1,0,0,0,0
20250720,16,1,0,0,0,0
20250720,19,1,0,0,0,0
20250720,22,1,0,0,0,0
20250721,10,1,0,0,0,0
20250721,13,1,0,0,0,0
20250721,16,1,0,0,0,0
20250721,19,1,0,0,0,0
20250721,22,1,0,0,0,0
20250722,10,1,0,0,0,0
20250722,13,1,0,0,0,0
20250722,16,1,0,0,0,0
20250722,19,1,0,0,0,0
20250722,22,1,0,0,0,0
20250723,10,1,0,0,0,0
20250723,13,1,0,0,0,0
20250723,16,1,0,0,0,0
20250723,19,1,0,0,0,0
20250723,22,1,0,0,0,0
20250724,10,1,0,0,0,0
20250724,13,1,0,0,0,0
20250724,16,1,0,0,0,0
20250724,19,1,0,0,0,0
20250724,22,1,0,0,0,0
20250725,10,1,0,0,0,0
20250725,13,1,0,0,0,0
20250725,16,1,0,0,0,0
20250725,19,1,0,0,0,0
20250725,22,1,0,0,0,0
20250726,10,1,0,0,0,0
20250726,13,1,0,0,0,0
20250726,16,1,0,0,0,0
20250726,19,1,0,0,0,0
20250726,22,1,0,0,0,0
20250727,10,1,0,0,0,0
20250727,13,1,0,0,0,0
20250727,16,1,0,0,0,0
20250727,19,1,0,0,0,0
20250727,22,1,0,0,0,0
20250728,10,1,0,0,0,0
20250728,13,1,0,0,0,0
20250728,16,1,0,0,0,0
20250728,19,1,0,0,0,0
20250728,22,1,0,0,0,0
20250729,10,1,0,0,0,0
20250729,13,1,0,0,0,0
20250729,16,1,0,0,0,0
20250729,19,1,0,0,0,0
20250729,22,1,0,0,0,0
20250730,10,1,0,0,0,0
20250730,13,1,0,0,0,0
20250730,16,1,0,0,0,0
20250730,19,1,0,0,0,0
20250730,22,1,0,0,0,0
20250731,10,1,0,0,0,0
20250731,13,1,0,0,0,0
20250731,16,1,0,0,0,0
20250731,19,1,0,0,0,0
20250731,22,1,0,0,0,0
20250801,10,1,0,0,0,0
20250801,13,1,0,0,0,0
20250801,16,1,0,0,0,0
20250801,19,1,0,0,0,0
20250801,22,1,0,0,0,0
20250802,10,1,0,0,0,0
20250802,13,1,0,0,0,0
20250802,16,1,0,0,0,0
20250802,19,1,0,0,0,0
20250802,22,1,0,0,0,0
20250803,10,1,0,0,0,0
20250803,13,1,0,0,0,0
20250803,16,0,1,0,0,0
20250803,19,1,0,0,0,0
20250803,22,1,0,0,0,0
20250804,10,1,0,0,0,0
20250804,13,1,0,0,0,0
20250804,16,1,0,0,0,0
20250804,19,1,0,0,0,0
20250804,22,1,0,0,0,0
20250805,10,1,0,0,0,0
20250805,13,1,0,0,0,0
20250805,16,0,0,1,0,0
20250805,19,0,1,0,0,0
20250805,22,1,0,0,0,0
20250806,10,1,0,0,0,0
20250806,13,1,0,0,0,0
20250806,16,1,0,0,0,0
20250806,19,1,0,0,0,0
20250806,22,1,0,0,0,0
20250807,10,1,0,0,0,0
20250807,13,1,0,0,0,0
20250807,16,0,1,0,0,0
20250807,19,0,1,0,0,0
20250807,22,1,0,0,0,0
20250808,10,1,0,0,0,0
20250808,13,1,0,0,0,0
20250808,16,1,0,0,0,0
20250808,19,0,1,0,0,0
20250808,22,1,0,0,0,0
20250809,10,1,0,0,0,0
20250809,13,1,0,0,0,0
20250809,16,1,0,0,0,0
20250809,19,1,0,0,0,0
20250809,22,1,0,0,0,0
20250810,10,1,0,0,0,0
20250810,13,1,0,0,0,0
20250810,16,0,1,0,0,0
20250810,19,1,0,0,0,0
20250810,22,1,0,0,0,0
20250811,10,1,0,0,0,0
20250811,13,1,0,0,0,0
20250811,16,1,0,0,0,0
20250811,19,1,0,0,0,0
20250811,22,1,0,0,0,0
20250812,10,1,0,0,0,0
20250812,13,1,0,0,0,0
20250812,16,1,0,0,0,0
20250812,19,1,0,0,0,0
20250812,22,1,0,0,0,0
20250813,10,1,0,0,0,0
20250813,13,1,0,0,0,0
20250813,16,1,0,0,0,0
20250813,19,1,0,0,0,0
20250813,22,1,0,0,0,0
20250814,10,1,0,0,0,0
20250814,13,1,0,0,0,0
20250814,16,1,0,0,0,0
20250814,19,1,0,0,0,0
20250814,22,1,0,0,0,0
20250815,10,1,0,0,0,0
20250815,13,1,0,0,0,0
20250815,16,1,0,0,0,0
20250815,19,1,0,0,0,0
20250815,22,1,0,0,0,0
20250816,10,1,0,0,0,0
20250816,13,1,0,0,0,0
20250816,16,1,0,0,0,0
20250816,19,1,0,0,0,0
20250816,22,1,0,0,0,0
20250817,10,1,0,0,0,0
20250817,13,1,0,0,0,0
20250817,16,1,0,0,0,0
20250817,19,1,0,0,0,0
20250817,22,1,0,0,0,0
20250818,10,1,0,0,0,0
20250818,13,1,0,0,0,0
20250818,16,1,0,0,0,0
20250818,19,1,0,0,0,0
20250818,22,1,0,0,0,0
20250819,10,0,1,0,0,0
20250819,13,0,0,1,0,0
20250819,16,0,0,1,0,0
20250819,19,0,1,0,0,0
20250819,22,1,0,0,0,0
20250820,10,1,0,0,0,0
20250820,13,0,1,0,0,0
20250820,16,0,0,1,0,0
20250820,19,0,1,0,0,0
20250820,22,0,1,0,0,0
20250821,10,1,0,0,0,0
20250821,13,0,1,0,0,0
20250821,16,0,1,0,0,0
20250821,19,1,0,0,0,0
20250821,22,1,0,0,0,0
20250822,10,1,0,0,0,0
20250822,13,0,1,0,0,0
20250822,16,0,1,0,0,0
20250822,19,0,1,0,0,0
20250822,22,1,0,0,0,0
20250823,10,1,0,0,0,0
20250823,13,1,0,0,0,0
20250823,16,0,1,0,0,0
20250823,19,1,0,0,0,0
20250823,22,1,0,0,0,0
20250824,10,1,0,0,0,0
20250824,13,1,0,0,0,0
20250824,16,0,0,1,0,0
20250824,19,0,1,0,0,0
20250824,22,1,0,0,0,0
20250825,10,1,0,0,0,0
20250825,13,1,0,0,0,0
20250825,16,1,0,0,0,0
20250825,19,1,0,0,0,0
20250825,22,1,0,0,0,0
20250826,10,1,0,0,0,0
20250826,13,1,0,0,0,0
20250826,16,1,0,0,0,0
20250826,19,1,0,0,0,0
20250826,22,1,0,0,0,0
20250827,10,1,0,0,0,0
20250827,13,1,0,0,0,0
20250827,16,1,0,0,0,0
20250827,19,1,0,0,0,0
20250827,22,1,0,0,0,0
20250828,10,1,0,0,0,0
20250828,13,1,0,0,0,0
20250828,16,1,0,0,0,0
20250828,19,1,0,0,0,0
20250828,22,1,0,0,0,0
20250829,10,1,0,0,0,0
20250829,13,1,0,0,0,0
20250829,16,1,0,0,0,0
20250829,19,1,0,0,0,0
20250829,22,1,0,0,0,0
20250830,10,1,0,0,0,0
20250830,13,1,0,0,0,0
20250830,16,1,0,0,0,0
20250830,19,1,0,0,0,0
20250830,22,1,0,0,0,0
20250831,10,1,0,0,0,0
20250831,13,1,0,0,0,0
20250831,16,1,0,0,0,0
20250831,19,1,0,0,0,0
20250831,22,1,0,0,0,0
20250901,10,1,0,0,0,0
20250901,13,1,0,0,0,0
20250901,16,1,0,0,0,0
20250901,19,0,1,0,0,0
20250901,22,1,0,0,0,0
